cubies,max_distance,states_checked,total_generated,max_generated,max_expanded,total_pattern_lookups,worst_state,search_validation_seconds
123,9,2644,38631493,114378,19065,22154671,12347651111111,0.677694
124,9,2644,49599835,169278,28216,27902874,54721631111111,0.872216
125,9,2644,46665154,171510,28588,26421089,54721631111111,0.814993
126,9,2644,50216056,169422,28240,28221140,54721631111111,0.849976
127,9,2644,49153465,109629,18273,27721002,41532672313211,0.834931
134,9,2644,49202467,120504,20086,27749444,16345271111111,0.859193
135,9,2644,50418214,170829,28474,28308520,14325671111111,0.862987
136,9,2644,46918360,172215,28705,26531208,14325671111111,0.823294
137,9,2644,49816318,170937,28492,27991452,14325671111111,0.872905
145,9,2644,49290082,172254,28712,27795794,54721631111111,0.866383
146,9,2644,49666171,166176,27699,28032230,54721631111111,0.847212
147,9,2644,31788394,154230,25706,18622397,41625372313211,0.546696
156,9,2644,41124970,198723,33123,23444851,14325671111111,0.680185
157,9,2644,49752319,167781,27966,28070126,14325671111111,0.825101
167,9,2644,49378027,171021,28506,27821369,14325671111111,0.837934
234,9,2644,50295646,169203,28203,28261738,14325671111111,0.873266
235,9,2644,49099258,110070,18347,27701770,47352612313211,0.831277
236,9,2644,49659646,168201,28036,27926765,14325671111111,0.854922
237,9,2644,46905658,170637,28442,26520089,14325671111111,0.787920
245,9,2644,50034121,168612,28105,28132198,54721631111111,0.883782
246,9,2644,41606203,194826,32474,23382840,54721631111111,0.701549
247,9,2644,49631191,165201,27536,28014949,14325671111111,0.854124
256,9,2644,49501906,166962,27830,27946808,54721631111111,0.869941
257,9,2644,40639624,123738,20625,23237214,32145671111111,0.694030
267,9,2644,50268016,166767,27797,28242861,14325671111111,0.847896
345,9,2644,43321168,133008,22170,24666280,16345271111111,0.741087
346,9,2644,50311258,167361,27896,28267854,14325671111111,0.904021
347,9,2644,49478947,170985,28500,27872462,14325671111111,0.855822
356,9,2644,49342288,170727,28457,27809356,14325671111111,0.854974
357,9,2644,50432782,170685,28450,28310987,14325671111111,0.873124
367,9,2644,38986621,202647,33777,22293929,14325671111111,0.682812
456,9,2644,50145985,168990,28168,28185595,54721631111111,0.893928
457,9,2644,49057462,120306,20053,27687426,16345271111111,0.856426
467,9,2644,49663981,168471,28081,27932927,14325671111111,0.931017
567,9,2644,46740970,172239,28709,26458316,14325671111111,0.841049
