"Processor","Run","IRet","TimeMs","Rate"
"RV32_ISS","1","3000007","102","29411833.3333333"
"RV32_ISS","2","3000007","103","29126281.5533981"
"RV32_ISS","3","3000007","102","29411833.3333333"
"RV32_ISS","4","3000007","102","29411833.3333333"
"RV32_ISS","5","3000007","103","29126281.5533981"
"RV32_5S","1","3000007","9640","311204.045643153"
"RV32_5S","2","3000007","9662","310495.446077417"
"RV32_5S","3","3000007","9686","309726.099525088"
"RV32_5S","4","3000007","9758","307440.766550523"
"RV32_5S","5","3000007","9822","305437.487273468"
